{"validation/accuracy":0.0771240234375,"_step":19,"tokens_processed":163840,"training/batch_accuracy":0.0733642578125,"_timestamp":1.7762854028226209e+09,"lr":2e-05,"training/loss":8.576203870773316,"training/accuracy":0.076800537109375,"_runtime":100,"elapsed_s":99.9739420413971,"step":20,"_wandb":{"runtime":100},"training/batch_loss":8.636563301086426,"validation/loss":8.571460437774657}