{"validation/loss":8.488810396194458,"lr":2e-05,"training/batch_loss":8.569536209106445,"validation/accuracy":0.0770263671875,"_timestamp":1.776285515705191e+09,"training/batch_accuracy":0.0751953125,"_step":19,"step":20,"elapsed_s":97.53312802314758,"_wandb":{"runtime":98},"_runtime":98,"training/accuracy":0.07677001953125,"tokens_processed":163840,"training/loss":8.49966220855713}