{"lr":7.000000000000001e-06,"elapsed_s":122.7060968875885,"training/batch_accuracy":0,"validation/loss":9.251833534240722,"tokens_processed":57344,"_runtime":137,"_wandb":{"runtime":137},"training/accuracy":0.00054931640625,"_step":6,"training/loss":9.241010856628417,"validation/accuracy":0.00045166015625,"_timestamp":1.776228019337366e+09,"training/batch_loss":9.26688003540039,"step":7}