{"_step":79,"training/batch_loss":2.163088083267212,"step":8000,"training/loss":2.0333849668502806,"training/accuracy":0.5377115905284882,"tokens_processed":49152000,"validation/accuracy":0.5303548246622085,"_timestamp":1.776386992505567e+09,"training/batch_accuracy":0.52001953125,"_runtime":5618,"elapsed_s":5608.224823951721,"_wandb":{"runtime":5618},"lr":8e-06,"validation/loss":2.0674852788448335}