{"training/batch_accuracy":0.3995361328125,"training/accuracy":0.411383056640625,"_wandb":{"runtime":936},"_step":24,"step":2500,"validation/accuracy":0.408245849609375,"_runtime":936,"tokens_processed":20480000,"elapsed_s":931.3157949447632,"training/loss":2.9469112157821655,"validation/loss":2.9713050961494445,"lr":8.000000000000001e-06,"training/batch_loss":3.062347888946533,"_timestamp":1.7763808967212758e+09}