{"elapsed_s":1842.1091310977936,"training/batch_loss":2.944234848022461,"lr":8e-06,"tokens_processed":12288000,"training/loss":2.885957896709442,"validation/loss":2.88107625246048,"step":2000,"_runtime":1862,"_timestamp":1.776398220663436e+09,"_step":19,"_wandb":{"runtime":1862},"training/accuracy":0.4139078766107559,"validation/accuracy":0.4138916015625,"training/batch_accuracy":0.40087890625}