{"tokens_processed":11468800,"_runtime":1864,"val_loss":5.270426034927368,"lr":8.525354006175926e-05,"elapsed_s":1806.391412973404,"_timestamp":1.7762278154858282e+09,"_wandb":{"runtime":1864},"step":1400,"train_loss":0.19333834946155548,"_step":32}