{"step":20,"_wandb":{"runtime":98},"training/batch_accuracy":0.0706787109375,"_runtime":98,"validation/loss":8.515618944168091,"lr":2e-05,"tokens_processed":163840,"_timestamp":1.776286059105525e+09,"training/batch_loss":8.586687088012695,"training/loss":8.507222890853882,"validation/accuracy":0.07452392578125,"elapsed_s":97.97342109680176,"_step":19,"training/accuracy":0.076129150390625}