{"_wandb":{"runtime":97},"lr":2e-05,"_runtime":97,"step":20,"training/loss":8.598041915893555,"_step":19,"elapsed_s":97.28143882751465,"training/batch_loss":8.646781921386719,"_timestamp":1.776286158679005e+09,"training/accuracy":0.07664794921875,"tokens_processed":163840,"training/batch_accuracy":0.0791015625,"validation/loss":8.592772483825684,"validation/accuracy":0.075860595703125}