{"training/batch_loss":9.18725299835205,"training/batch_accuracy":0.000244140625,"training/accuracy":0.000164794921875,"lr":4.000000000000001e-06,"elapsed_s":98.56486511230469,"_timestamp":1.776286364626424e+09,"tokens_processed":163840,"_runtime":99,"_step":19,"_wandb":{"runtime":99},"validation/loss":9.16676630973816,"training/loss":9.170711898803711,"validation/accuracy":0.00018310546875,"step":20}