{"lr":2e-05,"tokens_processed":163840,"_step":19,"training/batch_loss":8.533087730407715,"training/loss":8.4995623588562,"_wandb":{"runtime":98},"_timestamp":1.776285917865776e+09,"step":20,"elapsed_s":97.39718723297119,"training/batch_accuracy":0.078125,"validation/accuracy":0.076068115234375,"_runtime":98,"training/accuracy":0.075201416015625,"validation/loss":8.497610235214234}