{"elapsed_s":98.38266491889954,"validation/loss":8.491875743865966,"training/loss":8.49132137298584,"_timestamp":1.776285717648386e+09,"_runtime":99,"training/batch_loss":8.548909187316895,"_wandb":{"runtime":99},"training/batch_accuracy":0.0721435546875,"lr":2e-05,"_step":19,"tokens_processed":163840,"training/accuracy":0.072021484375,"validation/accuracy":0.072796630859375,"step":20}