{"_runtime":98,"step":20,"_wandb":{"runtime":98},"validation/accuracy":0.075592041015625,"_step":19,"training/accuracy":0.076043701171875,"elapsed_s":98.11689400672913,"tokens_processed":163840,"training/loss":8.534237098693847,"validation/loss":8.540045261383057,"_timestamp":1.776285616910468e+09,"lr":2e-05,"training/batch_loss":8.600313186645508,"training/batch_accuracy":0.0755615234375}