{"_wandb":{"runtime":99},"_step":19,"_timestamp":1.7762862630958478e+09,"_runtime":99,"step":20,"validation/loss":9.143395376205444,"training/batch_accuracy":0.002197265625,"validation/accuracy":0.002947998046875,"lr":4.000000000000001e-06,"training/accuracy":0.003314208984375,"elapsed_s":98.82875394821167,"tokens_processed":163840,"training/batch_loss":9.166064262390137,"training/loss":9.141724681854248}