{"training/batch_accuracy":0.07666015625,"training/accuracy":0.078045654296875,"_runtime":98,"lr":2e-05,"training/loss":8.552503538131713,"step":20,"tokens_processed":163840,"validation/accuracy":0.077587890625,"training/batch_loss":8.606167793273926,"_wandb":{"runtime":98},"_timestamp":1.776285817424851e+09,"_step":19,"validation/loss":8.54975152015686,"elapsed_s":97.2898211479187}