{"validation/accuracy":0.254998779296875,"_timestamp":1.7763799538365781e+09,"_wandb":{"runtime":107},"_runtime":107,"_step":1,"lr":7.969201500945719e-05,"step":200,"training/loss":4.362871766090393,"validation/loss":4.354247355461121,"tokens_processed":1638400,"training/batch_loss":4.374759674072266,"training/batch_accuracy":0.2586669921875,"elapsed_s":70.28264713287354,"training/accuracy":0.25384521484375}