{"training/accuracy":0.36639404296875,"tokens_processed":7372800,"_wandb":{"runtime":359},"_step":8,"training/batch_loss":3.418001651763916,"_runtime":359,"step":900,"training/batch_accuracy":0.3485107421875,"training/loss":3.293338179588318,"validation/accuracy":0.369415283203125,"elapsed_s":328.66528582572937,"lr":6.2e-05,"validation/loss":3.2666005849838258,"_timestamp":1.776381240507474e+09}