{"_wandb":{"runtime":2298},"training/batch_accuracy":0.4469400942325592,"training/loss":2.5726632952690123,"training/accuracy":0.4573649108409882,"_step":22,"step":2300,"lr":6.787241569666863e-05,"_timestamp":1.776399547221192e+09,"_runtime":2298,"elapsed_s":2248.568477869034,"training/batch_loss":2.6405820846557617,"tokens_processed":14131200,"validation/accuracy":0.4606770858168602,"validation/loss":2.550639879703522}